{
  "version": 1,
  "author": "Uri Shaked",
  "editor": "wokwi",
  "parts": [
    { "type": "wokwi-esp32-devkit-v1", "id": "esp", "top": -4.9, "left": 129.4, "attrs": {} },
    { "type": "wokwi-relay-module", "id": "relay1", "top": -76.6, "left": 316.8, "attrs": {} },
    {
      "type": "wokwi-photoresistor-sensor",
      "id": "ldr1",
      "top": -73.6,
      "left": -66.4,
      "attrs": {}
    },
    {
      "type": "wokwi-resistor",
      "id": "r1",
      "top": -53.65,
      "left": 172.8,
      "attrs": { "value": "10000" }
    },
    { "type": "wokwi-pir-motion-sensor", "id": "pir1", "top": 119.2, "left": -36.18, "attrs": {} },
    {
      "type": "wokwi-led",
      "id": "led1",
      "top": -128.4,
      "left": 435.8,
      "attrs": { "color": "red" }
    },
    { "type": "wokwi-vcc", "id": "vcc1", "top": -133.64, "left": 480, "attrs": {} },
    { "type": "wokwi-gnd", "id": "gnd1", "top": -9.6, "left": 460.2, "attrs": {} }
  ],
  "connections": [
    [ "esp:TX0", "$serialMonitor:RX", "", [] ],
    [ "esp:RX0", "$serialMonitor:TX", "", [] ],
    [ "ldr1:VCC", "esp:3V3", "red", [ "h153.6", "v211.2" ] ],
    [ "ldr1:AO", "esp:D34", "green", [ "h9.6", "v76.1" ] ],
    [ "ldr1:GND", "r1:1", "black", [ "h0" ] ],
    [ "r1:2", "esp:GND.1", "black", [ "v0", "h18", "v192" ] ],
    [ "pir1:VCC", "esp:3V3", "red", [ "v19.2", "h278.4", "v-76.8" ] ],
    [ "pir1:GND", "esp:GND.2", "black", [ "v0", "h86.14", "v-67.2" ] ],
    [ "pir1:OUT", "esp:D26", "green", [ "v9.6", "h105.46", "v-124.8" ] ],
    [ "relay1:VCC", "esp:3V3", "red", [ "h-9.6", "v211.2" ] ],
    [ "relay1:GND", "esp:GND.1", "black", [ "h-19.2", "v182" ] ],
    [ "relay1:IN", "esp:D25", "green", [ "h-192", "v57.4" ] ],
    [ "led1:A", "vcc1:VCC", "green", [ "v9.6", "h28.8", "v-28.8" ] ],
    [ "led1:C", "relay1:COM", "green", [ "v0" ] ],
    [ "gnd1:GND", "relay1:NO", "black", [ "v-28.8", "h-38.4" ] ]
  ],
  "dependencies": {}
}